image_id,label,filename,set,uid,record_id,label_predicted,score_predicted,e_0,e_1,in_test,dp_is_ldp,dp_depth,dp_depth_alt,dp_parent,display_order,num_children,dp_cluster,num_children_alt,dp_most_needed,label_true,labeled,dp_cluster_color,color_class,label_undetermined,scores_predicted,label_possible,score_possible,entropy,al_measure,most_needed,fre,direct_most_needed,color_fre,incorrect_score,double_checked
304909304547982,"foo,bar",/home/lhogeweg/annflux/data/streetsurfacevis/images/304909304547982.jpg,,304909304547982,304909304547982R,asphalt,1.0,-14.379657,-3.1180954,0,0,9126,12,610,5945,0,12.0,0,46.0,concrete,1,#39568c,#e7ba52,,1.00,,,-0.0,9123,46.0,,9123,,2.0,0
2836489699896311,"foo,bar",/home/lhogeweg/annflux/data/streetsurfacevis/images/2836489699896311.jpg,,2836489699896311,2836489699896311R,paving_stones,0.546609578812543,-10.012222,6.353567,0,0,9121,5,4238,2647,5,42.0,1,46.0,paving_stones,1,#d2e21b,#9c9ede,,0.55,concrete,0.45,0.9937225159291464,9123,46.0,0.9749002941531708,9123,,2.0,0
338376958115042,"foo,bar",/home/lhogeweg/annflux/data/streetsurfacevis/images/338376958115042.jpg,,338376958115042,338376958115042R,asphalt,0.5638019979540783,-0.28410912,1.0928764,0,0,9114,9,844,1099,12,23.0,2,46.0,paving_stones,1,#20928c,#9c9ede,,0.56,concrete,0.44,0.9882223727362132,9123,46.0,,9123,,2.0,0
189762016325577,"foo,bar",/home/lhogeweg/annflux/data/streetsurfacevis/images/189762016325577.jpg,,189762016325577,189762016325577R,asphalt,1.0,1.5551414,7.2898254,0,0,9123,12,4560,4497,3,1.0,1,46.0,asphalt,1,#46085c,#393b79,,1.00,,,-0.0,9123,46.0,0.8430314955135639,9123,,2.0,0
2900133880251402,"foo,bar",/home/lhogeweg/annflux/data/streetsurfacevis/images/2900133880251402.jpg,,2900133880251402,2900133880251402R,asphalt,1.0,-2.9874763,-10.004232,0,0,9126,12,5121,5947,0,2.0,0,46.0,paving_stones,1,#471164,#9c9ede,,1.00,,,-0.0,9123,46.0,0.433278956821594,9123,,2.0,0
481073536503152,"foo,bar",/home/lhogeweg/annflux/data/streetsurfacevis/images/481073536503152.jpg,,481073536503152,481073536503152R,asphalt,0.7900138533943634,0.8092613,0.6048355,0,0,9124,12,5645,5922,2,5.0,1,46.0,asphalt,1,#482878,#393b79,,0.79,paving_stones,0.21,0.7414562588415328,9123,46.0,0.8525370430641039,9123,,1.69,0
947300746444735,"foo,bar",/home/lhogeweg/annflux/data/streetsurfacevis/images/947300746444735.jpg,,947300746444735,947300746444735R,paving_stones,0.708808568728465,10.348507,-7.329608,0,0,9123,13,5345,3803,3,26.0,1,46.0,sett,1,#1fa287,#b5cf6b,,0.71,sett,0.29,0.8702553278251465,9123,46.0,,9123,,2.0,0
1759401140908839,"foo,bar",/home/lhogeweg/annflux/data/streetsurfacevis/images/1759401140908839.jpg,,1759401140908839,1759401140908839R,unpaved,1.0,-15.837095,-9.784033,0,1,7805,3,5959,8,1321,,7,46.0,unpaved,1,#800080,#ad494a,,1.00,,,-0.0,9123,46.0,0.7808302818191892,9123,,2.0,0
174999767851287,"foo,bar",/home/lhogeweg/annflux/data/streetsurfacevis/images/174999767851287.jpg,,174999767851287,174999767851287R,sett,0.8464597848116953,17.148941,-5.835745,0,0,9126,13,4341,5968,0,2.0,0,46.0,asphalt,1,#471164,#393b79,,0.85,concrete,0.15,0.6186292405352432,9123,46.0,0.5237912606495643,9123,,0.1899999999999999,0
2024047811086985,"foo,bar",/home/lhogeweg/annflux/data/streetsurfacevis/images/2024047811086985.jpg,,2024047811086985,2024047811086985R,asphalt,0.7370438434114193,-9.460533,-8.194836,0,0,9120,11,6139,2592,6,16.0,1,46.0,asphalt,1,#2e6e8e,#393b79,,0.74,concrete,0.26,0.8311745693259995,9123,46.0,,9123,,2.0,0
762942931045866,"foo,bar",/home/lhogeweg/annflux/data/streetsurfacevis/images/762942931045866.jpg,,762942931045866,762942931045866R,paving_stones,1.0,7.6682396,-10.249434,0,0,9120,12,4702,2589,6,19.0,3,46.0,paving_stones,1,#277e8e,#9c9ede,,1.00,,,-0.0,9123,46.0,0.9585583056632812,9123,,2.0,0
643661443549586,"foo,bar",/home/lhogeweg/annflux/data/streetsurfacevis/images/643661443549586.jpg,,643661443549586,643661443549586R,sett,0.30255484573359415,1.7877083,-11.7198925,0,0,9106,8,7001,603,20,31.0,1,46.0,sett,1,#3fbc73,#b5cf6b,,0.30,"sett,paving_stones,asphalt,concrete","0.30,0.28,0.27,0.15",1.9546213577986908,9123,46.0,0.7951165556292649,9123,,1.67,0
1485988818404708,"foo,bar",/home/lhogeweg/annflux/data/streetsurfacevis/images/1485988818404708.jpg,,1485988818404708,1485988818404708R,sett,1.0,9.904022,5.0599327,0,0,9126,15,7879,5966,0,0.0,0,46.0,concrete,1,#440154,#e7ba52,,1.00,,,-0.0,9123,46.0,,9123,,2.0,0
1263358930788347,"foo,bar",/home/lhogeweg/annflux/data/streetsurfacevis/images/1263358930788347.jpg,,1263358930788347,1263358930788347R,asphalt,1.0,-2.6560059,3.866293,0,0,9108,11,1232,727,18,38.0,3,46.0,asphalt,1,#98d83e,#393b79,,1.00,,,-0.0,9123,46.0,0.7947432674385706,9123,,2.0,0
2217405008600919,"foo,bar",/home/lhogeweg/annflux/data/streetsurfacevis/images/2217405008600919.jpg,,2217405008600919,2217405008600919R,asphalt,1.0,6.185192,5.6114216,0,0,9126,14,2790,5970,0,32.0,0,46.0,asphalt,1,#4ac16d,#393b79,,1.00,,,-0.0,9123,46.0,,9123,,2.0,0
176315021051310,"foo,bar",/home/lhogeweg/annflux/data/streetsurfacevis/images/176315021051310.jpg,,176315021051310,176315021051310R,asphalt,1.0,7.427101,7.549364,0,0,9124,13,6309,5923,2,0.0,1,46.0,asphalt,1,#440154,#393b79,,1.00,,,-0.0,9123,46.0,0.8060214718274679,9123,,2.0,0
292847069130570,"foo,bar",/home/lhogeweg/annflux/data/streetsurfacevis/images/292847069130570.jpg,,292847069130570,292847069130570R,concrete,0.5690924893293823,-9.274029,12.834702,0,0,9126,11,5190,5962,0,1.0,0,46.0,asphalt,1,#46085c,#393b79,,0.57,paving_stones,0.43,0.9861816305139072,9123,46.0,,9123,,2.0,0
6266054923461896,"foo,bar",/home/lhogeweg/annflux/data/streetsurfacevis/images/6266054923461896.jpg,,6266054923461896,6266054923461896R,asphalt,1.0,-2.930458,-2.863638,0,1,9087,11,2146,227,39,16.0,2,16.0,asphalt,1,#2e6e8e,#393b79,,1.00,,,-0.0,9123,16.0,0.9055771000124104,9123,,2.0,0
457024168692119,"foo,bar",/home/lhogeweg/annflux/data/streetsurfacevis/images/457024168692119.jpg,,457024168692119,457024168692119R,paving_stones,0.5041609443397114,16.195145,-1.7539711,0,0,9126,10,5747,5963,0,2.0,0,46.0,sett,1,#471164,#b5cf6b,,0.50,sett,0.50,0.9999500433439635,9123,46.0,0.1390028447571356,9123,,2.0,0
833391424768089,"foo,bar",/home/lhogeweg/annflux/data/streetsurfacevis/images/833391424768089.jpg,,833391424768089,833391424768089R,sett,0.4559973316865702,5.3016167,-4.930929,0,0,9121,13,7047,2660,5,6.0,1,46.0,concrete,1,#472f7d,#e7ba52,,0.46,"sett,asphalt,concrete,paving_stones","0.46,0.29,0.14,0.12",1.7884907850414646,9123,46.0,0.5081593010832273,9123,,2.0,0
473900820604483,"foo,bar",/home/lhogeweg/annflux/data/streetsurfacevis/images/473900820604483.jpg,,473900820604483,473900820604483R,paving_stones,1.0,2.8573303,-8.961659,0,0,9099,5,6704,408,27,41.0,3,41.0,paving_stones,1,#c5e021,#9c9ede,,1.00,,,-0.0,9123,41.0,0.9121670954652514,9123,,2.0,0
522896385394121,"foo,bar",/home/lhogeweg/annflux/data/streetsurfacevis/images/522896385394121.jpg,,522896385394121,522896385394121R,asphalt,0.36509412041493217,9.391815,-7.4337873,0,0,9126,11,4595,9040,0,26.0,0,46.0,sett,0,#1fa287,#9c9ede,,0.37,"asphalt,paving_stones,sett","0.37,0.36,0.27",1.571815781098235,9123,46.0,0.4445457600857796,9123,,2.0,0
194882619123412,"foo,bar",/home/lhogeweg/annflux/data/streetsurfacevis/images/194882619123412.jpg,,194882619123412,194882619123412R,asphalt,1.0,0.6322956,11.760044,0,0,9124,10,8360,4541,2,8.0,1,46.0,asphalt,0,#433d84,#393b79,,1.00,,,-0.0,9123,46.0,0.5683633866150049,9123,,2.0,0
485042319475830,"foo,bar",/home/lhogeweg/annflux/data/streetsurfacevis/images/485042319475830.jpg,,485042319475830,485042319475830R,paving_stones,1.0,-1.9678307,-2.6310463,0,0,9126,19,5995,9041,0,16.0,0,46.0,asphalt,0,#2e6e8e,#9c9ede,,1.00,,,-0.0,9123,46.0,0.4581493578072493,9123,,2.0,0
4294800947219358,"foo,bar",/home/lhogeweg/annflux/data/streetsurfacevis/images/4294800947219358.jpg,,4294800947219358,4294800947219358R,paving_stones,1.0,-11.575558,-4.2191906,0,0,9123,10,5279,4485,3,22.0,1,46.0,paving_stones,0,#218e8d,#9c9ede,,1.00,,,-0.0,9123,46.0,0.3187200819119931,9123,,2.0,0
1163891740705705,"foo,bar",/home/lhogeweg/annflux/data/streetsurfacevis/images/1163891740705705.jpg,,1163891740705705,1163891740705705R,sett,0.8603747784322533,14.726418,-6.0897408,0,0,9126,15,3714,9042,0,9.0,0,46.0,sett,0,#414487,#b5cf6b,,0.86,paving_stones,0.14,0.5832564585666046,9123,46.0,0.3110000044856884,9123,,2.0,0
806520816917501,"foo,bar",/home/lhogeweg/annflux/data/streetsurfacevis/images/806520816917501.jpg,,806520816917501,806520816917501R,unpaved,1.0,-17.792454,-10.985846,0,0,9121,9,2272,2606,5,39.0,1,46.0,unpaved,0,#a5db36,#ad494a,,1.00,,,-0.0,9123,46.0,0.3854524639138827,9123,,2.0,0
949448055867960,"foo,bar",/home/lhogeweg/annflux/data/streetsurfacevis/images/949448055867960.jpg,,949448055867960,949448055867960R,sett,0.570740477965715,2.5445652,-8.811594,0,0,9124,8,7022,5885,2,41.0,1,46.0,paving_stones,0,#c5e021,#b5cf6b,,0.57,"concrete,asphalt","0.26,0.17",1.3987946962580016,9123,46.0,0.5299646477912221,9123,,2.0,0
793436484634076,"foo,bar",/home/lhogeweg/annflux/data/streetsurfacevis/images/793436484634076.jpg,,793436484634076,793436484634076R,concrete,0.600391152528134,-1.9385948,-14.961693,0,0,9110,6,5800,793,16,40.0,2,46.0,paving_stones,0,#b5de2b,#9c9ede,,0.60,paving_stones,0.40,0.9707213249836789,9123,46.0,0.3946102875442567,9123,,2.0,0
1693799014342990,"foo,bar",/home/lhogeweg/annflux/data/streetsurfacevis/images/1693799014342990.jpg,,1693799014342990,1693799014342990R,sett,0.7664340208600562,11.273464,2.448639,0,0,9122,11,6615,3153,4,0.0,2,46.0,sett,0,#440154,#b5cf6b,,0.77,asphalt,0.23,0.7841759976561828,9123,46.0,0.5464027021786988,9123,,2.0,0
1970954406413498,"foo,bar",/home/lhogeweg/annflux/data/streetsurfacevis/images/1970954406413498.jpg,,1970954406413498,1970954406413498R,asphalt,1.0,-5.1115503,3.8123684,0,0,9124,19,7676,5904,2,38.0,1,46.0,asphalt,0,#98d83e,#393b79,,1.00,,,-0.0,9123,46.0,0.5798724170533911,9123,,2.0,0
519694062488521,"foo,bar",/home/lhogeweg/annflux/data/streetsurfacevis/images/519694062488521.jpg,,519694062488521,519694062488521R,unpaved,0.7017199684403979,-12.577009,-12.025798,0,0,9116,9,8797,1368,10,37.0,2,46.0,paving_stones,0,#89d548,#ad494a,,0.70,asphalt,0.30,0.87917825000888,9123,46.0,0.504535778598382,9123,,2.0,0
763448967557817,"foo,bar",/home/lhogeweg/annflux/data/streetsurfacevis/images/763448967557817.jpg,,763448967557817,763448967557817R,asphalt,0.69683600796423,8.669151,3.400896,0,0,9126,14,496,9038,0,17.0,0,46.0,asphalt,0,#2c728e,#b5cf6b,,0.70,sett,0.30,0.8851242205810459,9123,46.0,0.4642424594331784,9123,,2.0,0
419574676987277,"foo,bar",/home/lhogeweg/annflux/data/streetsurfacevis/images/419574676987277.jpg,,419574676987277,419574676987277R,asphalt,0.6049754905024726,-3.4989853,-5.1243668,0,0,9126,14,6394,9039,0,16.0,0,46.0,paving_stones,0,#2e6e8e,#b5cf6b,,0.60,sett,0.40,0.9679656092431347,9123,46.0,0.4961778196663545,9123,,2.0,0
897716991051947,"foo,bar",/home/lhogeweg/annflux/data/streetsurfacevis/images/897716991051947.jpg,,897716991051947,897716991051947R,asphalt,1.0,2.4522228,0.0594635,0,0,9126,11,6338,9043,0,5.0,0,46.0,paving_stones,0,#482878,#393b79,,1.00,,,-0.0,9123,46.0,,9123,,2.0,0
300842394856128,"foo,bar",/home/lhogeweg/annflux/data/streetsurfacevis/images/300842394856128.jpg,,300842394856128,300842394856128R,asphalt,1.0,-8.162017,-8.658296,0,0,9124,11,1890,4542,2,3.0,1,46.0,concrete,0,#481a6c,#393b79,,1.00,,,-0.0,9123,46.0,0.596767637851435,9123,,2.0,0
1220162242004661,"foo,bar",/home/lhogeweg/annflux/data/streetsurfacevis/images/1220162242004661.jpg,,1220162242004661,1220162242004661R,concrete,0.5739777014727522,-18.622347,-5.969805,0,0,9124,12,6760,5903,2,4.0,1,46.0,unpaved,0,#482071,#e7ba52,,0.57,unpaved,0.43,0.9841510018335862,9123,46.0,,9123,,2.0,0
171115658220290,"foo,bar",/home/lhogeweg/annflux/data/streetsurfacevis/images/171115658220290.jpg,,171115658220290,171115658220290R,concrete,1.0,-17.303467,-0.7616768,0,0,9119,16,7758,1961,7,11.0,1,46.0,paving_stones,0,#3c508b,#e7ba52,,1.00,,,-0.0,9123,46.0,,9123,,2.0,0
314365833382141,"foo,bar",/home/lhogeweg/annflux/data/streetsurfacevis/images/314365833382141.jpg,,314365833382141,314365833382141R,paving_stones,1.0,9.3520355,-2.5042934,0,0,9119,12,2267,1917,7,27.0,1,46.0,concrete,0,#22a884,#e7ba52,,1.00,,,-0.0,9123,46.0,,9123,,2.0,0
525971319579644,"foo,bar",/home/lhogeweg/annflux/data/streetsurfacevis/images/525971319579644.jpg,,525971319579644,525971319579644R,concrete,1.0,-0.15939903,9.43718,0,0,9126,17,1875,9035,0,1.0,0,46.0,asphalt,0,#46085c,#393b79,,1.00,,,-0.0,9123,46.0,,9123,,2.0,0
564487865814153,"foo,bar",/home/lhogeweg/annflux/data/streetsurfacevis/images/564487865814153.jpg,,564487865814153,564487865814153R,unpaved,1.0,-17.06496,-17.52579,0,1,8737,4,451,27,389,,7,46.0,unpaved,0,#800080,#ad494a,,1.00,,,-0.0,9123,46.0,0.5118190828827294,9123,,2.0,0
1624397521305861,"foo,bar",/home/lhogeweg/annflux/data/streetsurfacevis/images/1624397521305861.jpg,,1624397521305861,1624397521305861R,paving_stones,0.6001739271083874,6.599251,-4.0662594,0,0,9126,12,3538,8971,0,6.0,0,46.0,paving_stones,1,#472f7d,#9c9ede,,0.60,asphalt,0.40,0.9708487626922438,9123,46.0,0.8945178844396952,9123,,2.0,0
1121734784960729,"foo,bar",/home/lhogeweg/annflux/data/streetsurfacevis/images/1121734784960729.jpg,,1121734784960729,1121734784960729R,unpaved,0.7049852444196445,-15.92218,-1.7905445,0,0,9113,10,5863,1091,13,12.0,3,46.0,asphalt,1,#39568c,#393b79,,0.70,asphalt,0.30,0.8751113324281321,9123,46.0,0.3743665418814605,9123,,2.0,0
1270920603310014,"foo,bar",/home/lhogeweg/annflux/data/streetsurfacevis/images/1270920603310014.jpg,,1270920603310014,1270920603310014R,paving_stones,0.7324937499180921,-4.2105064,-8.17225,0,0,9126,12,3130,8972,0,2.0,0,46.0,paving_stones,1,#471164,#9c9ede,,0.73,asphalt,0.27,0.8378634580850244,9123,46.0,0.8059921487161876,9123,,2.0,0
810122146264686,"foo,bar",/home/lhogeweg/annflux/data/streetsurfacevis/images/810122146264686.jpg,,810122146264686,810122146264686R,sett,0.7150019551347251,4.3604584,-0.12472534,0,0,9102,11,6065,470,24,5.0,2,46.0,sett,0,#482878,#ad494a,,0.72,"asphalt,unpaved","0.17,0.12",1.1410749030396052,9123,46.0,0.2534585072991288,9123,,2.0,0
312308850494391,"foo,bar",/home/lhogeweg/annflux/data/streetsurfacevis/images/312308850494391.jpg,,312308850494391,312308850494391R,paving_stones,1.0,1.1385174,-7.9070244,0,0,9122,8,8132,3785,4,0.0,2,46.0,paving_stones,0,#440154,#9c9ede,,1.00,,,-0.0,9123,46.0,0.4413766627574723,9123,,2.0,0
1656907397827434,"foo,bar",/home/lhogeweg/annflux/data/streetsurfacevis/images/1656907397827434.jpg,,1656907397827434,1656907397827434R,sett,1.0,13.025967,-5.948044,0,0,9126,18,3848,8973,0,6.0,0,46.0,sett,0,#472f7d,#9c9ede,,1.00,,,-0.0,9123,46.0,,9123,,2.0,0
466826064403462,"foo,bar",/home/lhogeweg/annflux/data/streetsurfacevis/images/466826064403462.jpg,,466826064403462,466826064403462R,sett,0.6456572512253812,0.1487732,-4.5088043,0,0,9120,13,738,2233,6,33.0,1,46.0,sett,0,#54c568,#b5cf6b,,0.65,paving_stones,0.35,0.9378868124711117,9123,46.0,0.4148584358271601,9123,,2.0,0
515693162899522,"foo,bar",/home/lhogeweg/annflux/data/streetsurfacevis/images/515693162899522.jpg,,515693162899522,515693162899522R,asphalt,0.7538523602329291,-6.0627804,18.505611,0,0,9126,10,1926,8974,0,7.0,0,46.0,asphalt,0,#453581,#e7ba52,,0.75,concrete,0.25,0.8051149858011207,9123,46.0,,9123,,2.0,0
897430264171561,"foo,bar",/home/lhogeweg/annflux/data/streetsurfacevis/images/897430264171561.jpg,,897430264171561,897430264171561R,unpaved,1.0,-19.144806,-7.574684,0,0,9126,14,5318,8915,0,4.0,0,46.0,unpaved,0,#482071,#e7ba52,,1.00,,,-0.0,9123,46.0,,9123,,2.0,0
302337035675124,"foo,bar",/home/lhogeweg/annflux/data/streetsurfacevis/images/302337035675124.jpg,,302337035675124,302337035675124R,paving_stones,0.7383843960984656,7.526165,-0.036592484,0,0,9117,11,6799,1526,9,0.0,2,46.0,paving_stones,0,#440154,#9c9ede,,0.74,asphalt,0.26,0.8291745678372193,9123,46.0,0.3720126768877231,9123,,2.0,0
487473595705025,"foo,bar",/home/lhogeweg/annflux/data/streetsurfacevis/images/487473595705025.jpg,,487473595705025,487473595705025R,unpaved,1.0,-17.313032,-16.43268,0,0,9114,8,8389,1203,12,35.0,2,46.0,unpaved,0,#6ece58,#ad494a,,1.00,,,-0.0,9123,46.0,,9123,,2.0,0
439378547023802,"foo,bar",/home/lhogeweg/annflux/data/streetsurfacevis/images/439378547023802.jpg,,439378547023802,439378547023802R,paving_stones,1.0,7.4210243,-6.885643,0,0,9101,13,4847,461,25,6.0,2,46.0,paving_stones,0,#472f7d,#9c9ede,,1.00,,,-0.0,9123,46.0,0.5473804161157161,9123,,2.0,0
301730022339875,"foo,bar",/home/lhogeweg/annflux/data/streetsurfacevis/images/301730022339875.jpg,,301730022339875,301730022339875R,paving_stones,1.0,7.5371933,-13.984195,0,0,9124,7,4423,4567,2,24.0,1,46.0,sett,0,#1f988b,#9c9ede,,1.00,,,-0.0,9123,46.0,0.1141066925972684,9123,,2.0,0
1120609728420959,"foo,bar",/home/lhogeweg/annflux/data/streetsurfacevis/images/1120609728420959.jpg,,1120609728420959,1120609728420959R,concrete,1.0,-8.470078,16.593811,0,0,9123,6,4821,4468,3,1.0,1,46.0,asphalt,0,#46085c,#e7ba52,,1.00,,,-0.0,9123,46.0,,9123,,2.0,0
1171756889904745,"foo,bar",/home/lhogeweg/annflux/data/streetsurfacevis/images/1171756889904745.jpg,,1171756889904745,1171756889904745R,asphalt,0.7210203340403523,-6.4604616,-1.0436821,0,0,9110,18,1342,794,16,30.0,3,46.0,asphalt,0,#35b779,#393b79,,0.72,sett,0.28,0.8540568060471695,9123,46.0,0.6407475283441513,9123,,2.0,0
516369543109181,"foo,bar",/home/lhogeweg/annflux/data/streetsurfacevis/images/516369543109181.jpg,,516369543109181,516369543109181R,paving_stones,0.6713750840327165,-5.3366175,14.327843,0,0,9118,9,3860,1662,8,7.0,1,46.0,concrete,0,#453581,#e7ba52,,0.67,asphalt,0.33,0.9135152828464843,9123,46.0,,9123,,2.0,0
157951226782019,"foo,bar",/home/lhogeweg/annflux/data/streetsurfacevis/images/157951226782019.jpg,,157951226782019,157951226782019R,asphalt,1.0,10.608833,8.48597,0,0,9123,18,8868,4467,3,0.0,1,46.0,asphalt,0,#440154,#393b79,,1.00,,,-0.0,9123,46.0,0.5131779141980843,9123,,2.0,0
870796010445545,"foo,bar",/home/lhogeweg/annflux/data/streetsurfacevis/images/870796010445545.jpg,,870796010445545,870796010445545R,asphalt,0.5632369751115399,-13.356007,-9.046287,0,0,9126,14,1410,8912,0,15.0,0,46.0,asphalt,0,#31688e,#393b79,,0.56,concrete,0.44,0.9884306109405585,9123,46.0,0.5683097244906792,9123,,2.0,0
2793261484322305,"foo,bar",/home/lhogeweg/annflux/data/streetsurfacevis/images/2793261484322305.jpg,,2793261484322305,2793261484322305R,asphalt,1.0,-1.2656059,13.035004,0,0,9122,8,6677,3787,4,1.0,1,46.0,asphalt,0,#46085c,#393b79,,1.00,,,-0.0,9123,46.0,0.5134462248197127,9123,,2.0,0
927632114665065,"foo,bar",/home/lhogeweg/annflux/data/streetsurfacevis/images/927632114665065.jpg,,927632114665065,927632114665065R,sett,1.0,18.782173,-1.5686207,0,0,9126,13,7027,8913,0,2.0,0,46.0,sett,0,#471164,#b5cf6b,,1.00,,,-0.0,9123,46.0,0.2494146591965002,9123,,2.0,0
236125434937234,"foo,bar",/home/lhogeweg/annflux/data/streetsurfacevis/images/236125434937234.jpg,,236125434937234,236125434937234R,asphalt,0.759691382610546,-11.904581,-3.1840878,0,0,9117,13,9015,1532,9,22.0,1,46.0,concrete,0,#218e8d,#b5cf6b,,0.76,sett,0.24,0.7955531227463539,9123,46.0,0.5190353095116698,9123,,2.0,0
294363562429843,"foo,bar",/home/lhogeweg/annflux/data/streetsurfacevis/images/294363562429843.jpg,,294363562429843,294363562429843R,concrete,0.7898215220014335,-0.12983513,0.0011043549,0,0,9126,13,5781,8914,0,23.0,0,46.0,paving_stones,0,#20928c,#e7ba52,,0.79,"paving_stones,asphalt","0.11,0.10",0.9519926016557989,9123,46.0,,9123,,2.0,0
106512744842955,"foo,bar",/home/lhogeweg/annflux/data/streetsurfacevis/images/106512744842955.jpg,,106512744842955,106512744842955R,paving_stones,0.5212770533625738,5.96476,-14.594202,0,0,9118,6,37,1688,8,4.0,2,46.0,paving_stones,0,#482071,#9c9ede,,0.52,concrete,0.48,0.9986933518760055,9123,46.0,,9123,,2.0,0
161013783234637,"foo,bar",/home/lhogeweg/annflux/data/streetsurfacevis/images/161013783234637.jpg,,161013783234637,161013783234637R,sett,1.0,3.367447,4.383217,0,0,9124,16,4622,4593,2,1.0,1,46.0,asphalt,0,#46085c,#b5cf6b,,1.00,,,-0.0,9123,46.0,0.4874852616061788,9123,,2.0,0
1007416500028468,"foo,bar",/home/lhogeweg/annflux/data/streetsurfacevis/images/1007416500028468.jpg,,1007416500028468,1007416500028468R,sett,0.5241460902406015,8.736813,-9.442734,0,0,9119,11,178,2197,7,19.0,1,46.0,paving_stones,0,#277e8e,#b5cf6b,,0.52,paving_stones,0.48,0.9983170659254614,9123,46.0,0.5275674211428438,9123,,2.0,0
778519753033725,"foo,bar",/home/lhogeweg/annflux/data/streetsurfacevis/images/778519753033725.jpg,,778519753033725,778519753033725R,paving_stones,0.778145942666641,5.1749134,-14.091886,0,0,9124,7,4934,4594,2,4.0,1,46.0,paving_stones,0,#482071,#9c9ede,,0.78,"concrete,sett","0.14,0.08",0.975917701419688,9123,46.0,0.1893031117552781,9123,,2.0,0
1114539652818846,"foo,bar",/home/lhogeweg/annflux/data/streetsurfacevis/images/1114539652818846.jpg,,1114539652818846,1114539652818846R,sett,0.7038900610197067,11.224344,0.78725624,0,0,9108,12,6531,700,18,0.0,4,46.0,sett,0,#440154,#393b79,,0.70,asphalt,0.30,0.8764836084135661,9123,46.0,0.490989373404154,9123,,2.0,0
551048842727158,"foo,bar",/home/lhogeweg/annflux/data/streetsurfacevis/images/551048842727158.jpg,,551048842727158,551048842727158R,concrete,0.4808510936237728,-11.376629,-2.2961216,0,0,9122,17,5984,3786,4,22.0,1,46.0,asphalt,0,#218e8d,#b5cf6b,,0.48,"concrete,asphalt,sett","0.48,0.40,0.12",1.4005363879532713,9123,46.0,0.4654170037163098,9123,,2.0,0
317942880182760,"foo,bar",/home/lhogeweg/annflux/data/streetsurfacevis/images/317942880182760.jpg,,317942880182760,317942880182760R,concrete,0.735503709324342,-12.340878,-1.4255791,0,0,9123,15,7376,4466,3,12.0,1,46.0,asphalt,0,#39568c,#e7ba52,,0.74,"asphalt,paving_stones","0.13,0.13",1.097891472834864,9123,46.0,,9123,,2.0,0
1396195420849997,"foo,bar",/home/lhogeweg/annflux/data/streetsurfacevis/images/1396195420849997.jpg,,1396195420849997,1396195420849997R,concrete,0.5133614015569754,4.7721844,-4.567541,0,0,9126,15,775,8892,0,0.0,0,46.0,asphalt,0,#440154,#e7ba52,,0.51,paving_stones,0.49,0.9994848184899694,9123,46.0,,9123,,2.0,0
305506591120329,"foo,bar",/home/lhogeweg/annflux/data/streetsurfacevis/images/305506591120329.jpg,,305506591120329,305506591120329R,unpaved,1.0,-7.8628016,-11.176493,0,0,9124,15,5908,4624,2,3.0,1,46.0,asphalt,0,#481a6c,#ad494a,,1.00,,,-0.0,9123,46.0,0.4848421112440757,9123,,2.0,0
205562768088831,"foo,bar",/home/lhogeweg/annflux/data/streetsurfacevis/images/205562768088831.jpg,,205562768088831,205562768088831R,asphalt,0.6033891904878118,8.477947,1.68997,0,0,9096,9,2852,357,30,17.0,2,46.0,concrete,0,#2c728e,#393b79,,0.60,"sett,concrete,unpaved","0.18,0.12,0.09",1.574175119426666,9123,46.0,0.5235715034515711,9123,,2.0,0
1423117128067018,"foo,bar",/home/lhogeweg/annflux/data/streetsurfacevis/images/1423117128067018.jpg,,1423117128067018,1423117128067018R,sett,0.7997724161691832,18.63498,-6.4142876,0,0,9123,13,2885,4462,3,18.0,1,46.0,sett,0,#2a788e,#b5cf6b,,0.80,asphalt,0.20,0.7223830291043715,9123,46.0,0.4201956574216628,9123,,2.0,0
215516333415504,"foo,bar",/home/lhogeweg/annflux/data/streetsurfacevis/images/215516333415504.jpg,,215516333415504,215516333415504R,sett,0.6242474238011,17.100433,-7.3566265,0,0,9105,14,5627,565,21,2.0,2,46.0,sett,0,#471164,#b5cf6b,,0.62,asphalt,0.38,0.9549868830082728,9123,46.0,0.4339764398353719,9123,,2.0,0
1010095769830403,"foo,bar",/home/lhogeweg/annflux/data/streetsurfacevis/images/1010095769830403.jpg,,1010095769830403,1010095769830403R,sett,0.6240850970298872,13.7319565,-3.5139637,0,0,9126,15,1562,8979,0,0.0,0,46.0,sett,0,#440154,#e7ba52,,0.62,concrete,0.38,0.9551056795497523,9123,46.0,,9123,,2.0,0
406270360507440,"foo,bar",/home/lhogeweg/annflux/data/streetsurfacevis/images/406270360507440.jpg,,406270360507440,406270360507440R,paving_stones,1.0,-0.13033676,0.31262207,0,0,9126,12,4480,8980,0,23.0,0,46.0,concrete,0,#20928c,#393b79,,1.00,,,-0.0,9123,46.0,,9123,,2.0,0
478166083433350,"foo,bar",/home/lhogeweg/annflux/data/streetsurfacevis/images/478166083433350.jpg,,478166083433350,478166083433350R,concrete,0.5073511605800504,3.9495049,-10.004406,0,0,9126,9,8790,8981,0,26.0,0,46.0,concrete,0,#1fa287,#e7ba52,,0.51,sett,0.49,0.99984406916624,9123,46.0,,9123,,2.0,0
566327654645367,"foo,bar",/home/lhogeweg/annflux/data/streetsurfacevis/images/566327654645367.jpg,,566327654645367,566327654645367R,sett,0.36846762752960865,-5.206047,-1.6295147,0,0,9123,9,1914,4461,3,14.0,1,46.0,asphalt,0,#33628d,#b5cf6b,,0.37,"sett,concrete,asphalt,paving_stones","0.37,0.32,0.18,0.13",1.8818825923793132,9123,46.0,0.5221771189021427,9123,,2.0,0
888618445052472,"foo,bar",/home/lhogeweg/annflux/data/streetsurfacevis/images/888618445052472.jpg,,888618445052472,888618445052472R,sett,0.5387240063648997,16.181435,4.0691795,0,0,9120,9,4983,2215,6,3.0,2,46.0,sett,0,#481a6c,#393b79,,0.54,asphalt,0.46,0.995668881250986,9123,46.0,0.5357113961239997,9123,,2.0,0
1882884861859107,"foo,bar",/home/lhogeweg/annflux/data/streetsurfacevis/images/1882884861859107.jpg,,1882884861859107,1882884861859107R,paving_stones,0.7244267743385135,4.2020493,-15.874404,0,0,9121,9,6576,3082,5,34.0,1,46.0,concrete,0,#60ca60,#b5cf6b,,0.72,sett,0.28,0.8493486743535231,9123,46.0,0.3035334099887642,9123,,2.0,0
284939279966199,"foo,bar",/home/lhogeweg/annflux/data/streetsurfacevis/images/284939279966199.jpg,,284939279966199,284939279966199R,asphalt,1.0,-4.71961,17.207245,0,0,9126,7,1115,8856,0,7.0,0,46.0,asphalt,0,#453581,#393b79,,1.00,,,-0.0,9123,46.0,,9123,,2.0,0
688662528961962,"foo,bar",/home/lhogeweg/annflux/data/streetsurfacevis/images/688662528961962.jpg,,688662528961962,688662528961962R,sett,0.5426097366333912,14.611542,5.249138,0,0,9123,17,3305,4452,3,4.0,1,46.0,asphalt,0,#482071,#393b79,,0.54,asphalt,0.46,0.9947549562547895,9123,46.0,0.5754340775754954,9123,,2.0,0
1047279556241865,"foo,bar",/home/lhogeweg/annflux/data/streetsurfacevis/images/1047279556241865.jpg,,1047279556241865,1047279556241865R,asphalt,1.0,2.471178,-0.83976364,0,0,9123,13,6433,4453,3,5.0,1,46.0,paving_stones,0,#482878,#393b79,,1.00,,,-0.0,9123,46.0,0.4291916224618687,9123,,2.0,0
259000402788349,"foo,bar",/home/lhogeweg/annflux/data/streetsurfacevis/images/259000402788349.jpg,,259000402788349,259000402788349R,asphalt,1.0,1.6403465,8.881397,0,0,9124,14,6505,4612,2,1.0,1,46.0,concrete,0,#46085c,#393b79,,1.00,,,-0.0,9123,46.0,0.6020872074313569,9123,,2.0,0
287051683127195,"foo,bar",/home/lhogeweg/annflux/data/streetsurfacevis/images/287051683127195.jpg,,287051683127195,287051683127195R,asphalt,1.0,-7.7550793,17.343662,0,0,9121,9,7695,3083,5,36.0,1,46.0,asphalt,0,#7ad151,#393b79,,1.00,,,-0.0,9123,46.0,,9123,,2.0,0
525792728586844,"foo,bar",/home/lhogeweg/annflux/data/streetsurfacevis/images/525792728586844.jpg,,525792728586844,525792728586844R,asphalt,0.7813219710206416,-9.70401,10.238041,0,0,9124,21,8874,4599,2,1.0,1,46.0,paving_stones,0,#46085c,#393b79,,0.78,concrete,0.22,0.7577462658024164,9123,46.0,0.5316992801134647,9123,,2.0,0
804354370454225,"foo,bar",/home/lhogeweg/annflux/data/streetsurfacevis/images/804354370454225.jpg,,804354370454225,804354370454225R,paving_stones,0.6262072033627566,5.1784935,3.964079,0,0,9126,14,7124,8851,0,32.0,0,46.0,asphalt,0,#4ac16d,#393b79,,0.63,asphalt,0.37,0.9535398483231137,9123,46.0,,9123,,2.0,0
903712650409050,"foo,bar",/home/lhogeweg/annflux/data/streetsurfacevis/images/903712650409050.jpg,,903712650409050,903712650409050R,asphalt,0.7781171618392884,12.918636,2.5968056,0,0,9124,11,6520,4600,2,2.0,1,46.0,sett,0,#471164,#393b79,,0.78,unpaved,0.22,0.7635906381682439,9123,46.0,0.6040368620582697,9123,,2.0,0
1128988327579396,"foo,bar",/home/lhogeweg/annflux/data/streetsurfacevis/images/1128988327579396.jpg,,1128988327579396,1128988327579396R,paving_stones,0.8526845535048805,3.9110947,-6.549979,0,0,9107,12,3632,657,19,20.0,2,46.0,paving_stones,0,#26828e,#9c9ede,,0.85,asphalt,0.15,0.6030812329127909,9123,46.0,0.568044030520624,9123,,2.0,0
537004244137259,"foo,bar",/home/lhogeweg/annflux/data/streetsurfacevis/images/537004244137259.jpg,,537004244137259,537004244137259R,paving_stones,0.7437987460120944,1.7939777,-2.938717,0,0,9123,10,4054,4459,3,33.0,1,46.0,concrete,0,#54c568,#9c9ede,,0.74,concrete,0.26,0.8209597376744913,9123,46.0,0.5773980199506807,9123,,2.0,0
779105940280833,"foo,bar",/home/lhogeweg/annflux/data/streetsurfacevis/images/779105940280833.jpg,,779105940280833,779105940280833R,unpaved,1.0,-16.11173,-17.931608,0,0,9118,12,779,1677,8,10.0,1,46.0,unpaved,0,#3e4989,#ad494a,,1.00,,,-0.0,9123,46.0,0.6048584491180887,9123,,2.0,0
309905577321210,"foo,bar",/home/lhogeweg/annflux/data/streetsurfacevis/images/309905577321210.jpg,,309905577321210,309905577321210R,paving_stones,0.7314555441996994,-2.570095,-4.9369717,0,0,9124,13,727,4602,2,16.0,1,46.0,paving_stones,0,#2e6e8e,#9c9ede,,0.73,sett,0.27,0.8393682593946348,9123,46.0,0.4027184600864275,9123,,2.0,0
615924409418209,"foo,bar",/home/lhogeweg/annflux/data/streetsurfacevis/images/615924409418209.jpg,,615924409418209,615924409418209R,asphalt,0.5930062784681776,-2.5415554,0.050561905,0,0,9126,17,5270,8905,0,30.0,0,46.0,asphalt,0,#35b779,#393b79,,0.59,concrete,0.41,0.9748949280531246,9123,46.0,0.5558590317591723,9123,,2.0,0
289693706134373,"foo,bar",/home/lhogeweg/annflux/data/streetsurfacevis/images/289693706134373.jpg,,289693706134373,289693706134373R,asphalt,0.500119854274837,-2.1451378,5.396286,0,0,9117,11,2792,1635,9,13.0,2,46.0,concrete,0,#365c8d,#393b79,,0.50,"concrete,sett,paving_stones","0.21,0.15,0.15",1.7824631079621844,9123,46.0,0.5533693500885425,9123,,2.0,0
359948212137843,"foo,bar",/home/lhogeweg/annflux/data/streetsurfacevis/images/359948212137843.jpg,,359948212137843,359948212137843R,asphalt,1.0,8.0249405,-4.5181656,0,0,9118,10,8037,1679,8,6.0,1,46.0,paving_stones,0,#472f7d,#393b79,,1.00,,,-0.0,9123,46.0,0.3877143307610402,9123,,2.0,0
2553558261616657,"foo,bar",/home/lhogeweg/annflux/data/streetsurfacevis/images/2553558261616657.jpg,,2553558261616657,2553558261616657R,sett,1.0,0.32712746,0.75891113,0,0,9124,12,7406,4601,2,23.0,1,46.0,asphalt,0,#20928c,#b5cf6b,,1.00,,,-0.0,9123,46.0,0.4859124048058004,9123,,2.0,0
152405433586319,"foo,bar",/home/lhogeweg/annflux/data/streetsurfacevis/images/152405433586319.jpg,,152405433586319,152405433586319R,asphalt,1.0,-6.3572083,-3.5592499,0,0,9118,12,149,1680,8,14.0,1,46.0,paving_stones,0,#33628d,#393b79,,1.00,,,-0.0,9123,46.0,0.4581792623966568,9123,,2.0,0
255134409706473,"foo,bar",/home/lhogeweg/annflux/data/streetsurfacevis/images/255134409706473.jpg,,255134409706473,255134409706473R,paving_stones,1.0,-12.489021,-7.2810097,0,0,9115,12,3990,1229,11,15.0,2,46.0,asphalt,0,#31688e,#393b79,,1.00,,,-0.0,9123,46.0,,9123,,2.0,0
5282004495222297,"foo,bar",/home/lhogeweg/annflux/data/streetsurfacevis/images/5282004495222297.jpg,,5282004495222297,5282004495222297R,asphalt,1.0,-6.522298,11.825201,0,1,9070,10,4678,151,56,1.0,4,1.0,asphalt,1,#46085c,#393b79,,1.00,,,-0.0,9123,1.0,0.8661977087103596,9123,,2.0,0
3888859944563062,"foo,bar",/home/lhogeweg/annflux/data/streetsurfacevis/images/3888859944563062.jpg,,3888859944563062,3888859944563062R,concrete,0.6317389055502652,3.770176,-4.984989,0,0,9126,17,8811,8854,0,0.0,0,46.0,sett,0,#440154,#e7ba52,,0.63,paving_stones,0.37,0.9493275513682042,9123,46.0,,9123,,2.0,0
978835482856480,"foo,bar",/home/lhogeweg/annflux/data/streetsurfacevis/images/978835482856480.jpg,,978835482856480,978835482856480R,asphalt,1.0,11.308121,1.7616539,0,0,9115,8,6200,1230,11,0.0,2,46.0,paving_stones,0,#440154,#393b79,,1.00,,,-0.0,9123,46.0,0.6541665275272577,9123,,2.0,0
1190458284750734,"foo,bar",/home/lhogeweg/annflux/data/streetsurfacevis/images/1190458284750734.jpg,,1190458284750734,1190458284750734R,unpaved,1.0,-17.57967,-6.853423,0,1,9090,9,8388,257,36,,4,46.0,unpaved,0,#800080,#ad494a,,1.00,,,-0.0,9123,46.0,0.5989445673578448,9123,,2.0,0
1686631298191033,"foo,bar",/home/lhogeweg/annflux/data/streetsurfacevis/images/1686631298191033.jpg,,1686631298191033,1686631298191033R,paving_stones,0.6169656736054973,14.451668,-5.045845,0,0,9124,14,8124,4693,2,9.0,1,46.0,paving_stones,0,#414487,#9c9ede,,0.62,sett,0.38,0.9601569111754747,9123,46.0,,9123,,2.0,0
1935704469913780,"foo,bar",/home/lhogeweg/annflux/data/streetsurfacevis/images/1935704469913780.jpg,,1935704469913780,1935704469913780R,asphalt,1.0,-5.219948,14.463074,0,0,9118,10,136,1695,8,7.0,2,46.0,asphalt,0,#453581,#b5cf6b,,1.00,,,-0.0,9123,46.0,,9123,,2.0,0
2274612319338434,"foo,bar",/home/lhogeweg/annflux/data/streetsurfacevis/images/2274612319338434.jpg,,2274612319338434,2274612319338434R,concrete,0.508098848744271,-8.637776,15.602798,0,0,9122,10,8773,3700,4,1.0,1,46.0,concrete,0,#46085c,#e7ba52,,0.51,asphalt,0.49,0.9998107350898235,9123,46.0,,9123,,2.0,0
736231980404196,"foo,bar",/home/lhogeweg/annflux/data/streetsurfacevis/images/736231980404196.jpg,,736231980404196,736231980404196R,paving_stones,0.7286329637651291,-5.866377,-8.922337,0,0,9126,11,3876,8768,0,3.0,0,46.0,paving_stones,0,#481a6c,#9c9ede,,0.73,concrete,0.27,0.8434194150112081,9123,46.0,0.472707950284617,9123,,2.0,0
1148808855917084,"foo,bar",/home/lhogeweg/annflux/data/streetsurfacevis/images/1148808855917084.jpg,,1148808855917084,1148808855917084R,sett,1.0,19.262447,-5.874655,0,0,9115,9,6202,1275,11,18.0,2,46.0,sett,0,#2a788e,#b5cf6b,,1.00,,,-0.0,9123,46.0,0.4328509473856993,9123,,2.0,0
312435146927269,"foo,bar",/home/lhogeweg/annflux/data/streetsurfacevis/images/312435146927269.jpg,,312435146927269,312435146927269R,concrete,1.0,-7.9560585,19.168072,0,0,9124,14,6748,4641,2,36.0,1,46.0,concrete,0,#7ad151,#e7ba52,,1.00,,,-0.0,9123,46.0,,9123,,2.0,0
594508158190365,"foo,bar",/home/lhogeweg/annflux/data/streetsurfacevis/images/594508158190365.jpg,,594508158190365,594508158190365R,paving_stones,0.7070716749841062,-4.924283,-14.391945,0,0,9115,8,5727,1268,11,25.0,2,46.0,paving_stones,0,#1f9e89,#9c9ede,,0.71,concrete,0.29,0.872473974971669,9123,46.0,0.3135539810235443,9123,,2.0,0
148727533812457,"foo,bar",/home/lhogeweg/annflux/data/streetsurfacevis/images/148727533812457.jpg,,148727533812457,148727533812457R,asphalt,0.5805824473581862,-10.57947,-7.402746,0,0,9116,11,3435,1451,10,16.0,1,46.0,asphalt,0,#2e6e8e,#393b79,,0.58,concrete,0.42,0.9811816658168162,9123,46.0,0.6408997925452178,9123,,2.0,0
769908443715588,"foo,bar",/home/lhogeweg/annflux/data/streetsurfacevis/images/769908443715588.jpg,,769908443715588,769908443715588R,asphalt,0.6108017932064349,1.7378082,7.326782,0,0,9124,13,5,4692,2,1.0,1,46.0,asphalt,0,#46085c,#9c9ede,,0.61,paving_stones,0.39,0.9642801734254298,9123,46.0,0.4698140582471624,9123,,2.0,0
506587937353267,"foo,bar",/home/lhogeweg/annflux/data/streetsurfacevis/images/506587937353267.jpg,,506587937353267,506587937353267R,sett,0.8035776829457865,12.179722,3.9965591,0,0,9126,11,8221,8767,0,2.0,0,46.0,sett,0,#471164,#b5cf6b,,0.80,asphalt,0.20,0.7147147614282481,9123,46.0,0.5904941949377178,9123,,2.0,0
563776431272364,"foo,bar",/home/lhogeweg/annflux/data/streetsurfacevis/images/563776431272364.jpg,,563776431272364,563776431272364R,sett,0.8045843560505628,15.521042,3.5712624,0,0,9120,8,2528,2226,6,3.0,3,46.0,sett,0,#481a6c,#b5cf6b,,0.80,asphalt,0.20,0.712664082548986,9123,46.0,0.3916412602259158,9123,,2.0,0
1435756510113705,"foo,bar",/home/lhogeweg/annflux/data/streetsurfacevis/images/1435756510113705.jpg,,1435756510113705,1435756510113705R,sett,0.7942148501364984,-12.92255,-17.99505,0,0,9124,11,2942,4694,2,10.0,1,46.0,sett,0,#3e4989,#b5cf6b,,0.79,unpaved,0.21,0.7333485812561509,9123,46.0,0.4581263894212183,9123,,2.0,0
500936634558264,"foo,bar",/home/lhogeweg/annflux/data/streetsurfacevis/images/500936634558264.jpg,,500936634558264,500936634558264R,asphalt,0.5485872745146257,1.957264,11.600185,0,0,9120,14,1389,2227,6,8.0,2,46.0,asphalt,0,#433d84,#393b79,,0.55,concrete,0.45,0.9931776316524303,9123,46.0,,9123,,2.0,0
872987379981043,"foo,bar",/home/lhogeweg/annflux/data/streetsurfacevis/images/872987379981043.jpg,,872987379981043,872987379981043R,concrete,0.47973609595651356,3.3787575,-1.7453308,0,0,9126,12,7660,8770,0,20.0,0,46.0,asphalt,0,#26828e,#e7ba52,,0.48,"concrete,paving_stones,asphalt","0.48,0.31,0.21",1.5022758208472904,9123,46.0,,9123,,2.0,0
2644533889013716,"foo,bar",/home/lhogeweg/annflux/data/streetsurfacevis/images/2644533889013716.jpg,,2644533889013716,2644533889013716R,concrete,1.0,-18.750397,-15.906304,0,0,9123,8,1101,4431,3,28.0,1,46.0,unpaved,0,#27ad81,#ad494a,,1.00,,,-0.0,9123,46.0,,9123,,2.0,0
804033884414505,"foo,bar",/home/lhogeweg/annflux/data/streetsurfacevis/images/804033884414505.jpg,,804033884414505,804033884414505R,asphalt,1.0,-10.468515,7.3258057,0,0,9126,8,367,8804,0,42.0,0,46.0,asphalt,0,#d2e21b,#393b79,,1.00,,,-0.0,9123,46.0,0.4399285330154143,9123,,2.0,0
545382510174266,"foo,bar",/home/lhogeweg/annflux/data/streetsurfacevis/images/545382510174266.jpg,,545382510174266,545382510174266R,paving_stones,1.0,-10.047382,6.1334496,0,0,9076,2,4430,162,50,42.0,2,42.0,paving_stones,1,#d2e21b,#9c9ede,,1.00,,,-0.0,9123,42.0,0.9640498967211776,9123,,2.0,0
1614780145394127,"foo,bar",/home/lhogeweg/annflux/data/streetsurfacevis/images/1614780145394127.jpg,,1614780145394127,1614780145394127R,concrete,0.6111598851683898,1.9551201,-5.188179,0,0,9098,10,3908,381,28,20.0,3,20.0,paving_stones,1,#26828e,#9c9ede,,0.61,paving_stones,0.39,0.9640469531613153,9123,20.0,,9123,,2.0,0
782195800311057,"foo,bar",/home/lhogeweg/annflux/data/streetsurfacevis/images/782195800311057.jpg,,782195800311057,782195800311057R,paving_stones,1.0,7.9373055,-9.235834,0,1,9090,9,6836,269,36,19.0,2,19.0,paving_stones,1,#277e8e,#9c9ede,,1.00,,,-0.0,9123,19.0,0.8370464865180973,9123,,2.0,0
509637820231367,"foo,bar",/home/lhogeweg/annflux/data/streetsurfacevis/images/509637820231367.jpg,,509637820231367,509637820231367R,asphalt,1.0,-13.559164,-3.9779491,0,1,9079,6,8522,183,47,22.0,3,22.0,asphalt,1,#218e8d,#393b79,,1.00,,,-0.0,9123,22.0,,9123,,2.0,0
496556414875832,"foo,bar",/home/lhogeweg/annflux/data/streetsurfacevis/images/496556414875832.jpg,,496556414875832,496556414875832R,asphalt,0.7161326581708621,-7.6219378,-2.6274204,0,0,9076,11,6228,165,50,14.0,3,14.0,sett,1,#33628d,#b5cf6b,,0.72,concrete,0.28,0.8606669686594861,9123,14.0,0.6115514285007018,9123,,2.0,0
201859478437475,"foo,bar",/home/lhogeweg/annflux/data/streetsurfacevis/images/201859478437475.jpg,,201859478437475,201859478437475R,paving_stones,1.0,-13.596101,7.057083,0,0,9053,4,2321,114,73,12.0,3,12.0,concrete,1,#39568c,#e7ba52,,1.00,,,-0.0,9123,12.0,,9123,,2.0,0
2345399118926875,"foo,bar",/home/lhogeweg/annflux/data/streetsurfacevis/images/2345399118926875.jpg,,2345399118926875,2345399118926875R,asphalt,0.37442166039141844,16.716492,-6.4065647,0,0,9072,10,3950,153,54,2.0,1,2.0,sett,1,#471164,#b5cf6b,,0.37,"asphalt,sett,concrete,paving_stones","0.37,0.33,0.16,0.14",1.8778473269539326,9123,2.0,0.5383486071023732,9123,,1.12,0
478420309973958,"foo,bar",/home/lhogeweg/annflux/data/streetsurfacevis/images/478420309973958.jpg,,478420309973958,478420309973958R,asphalt,1.0,0.44556808,11.633102,0,0,9078,7,6466,177,48,8.0,2,8.0,asphalt,1,#433d84,#393b79,,1.00,,,-0.0,9123,8.0,,9123,,2.0,0
3230928803900132,"foo,bar",/home/lhogeweg/annflux/data/streetsurfacevis/images/3230928803900132.jpg,,3230928803900132,3230928803900132R,asphalt,1.0,18.818134,-4.3277454,0,0,9082,7,2544,199,44,18.0,4,18.0,sett,1,#2a788e,#b5cf6b,,1.00,,,-0.0,9123,18.0,0.4756373540219928,9123,,2.0,0
3193567950870114,"foo,bar",/home/lhogeweg/annflux/data/streetsurfacevis/images/3193567950870114.jpg,,3193567950870114,3193567950870114R,asphalt,1.0,-12.893042,-7.914132,0,1,9083,7,5921,203,43,15.0,2,15.0,unpaved,1,#31688e,#ad494a,,1.00,,,-0.0,9123,15.0,0.455714335080592,9123,,2.0,0
275873194221619,"foo,bar",/home/lhogeweg/annflux/data/streetsurfacevis/images/275873194221619.jpg,,275873194221619,275873194221619R,sett,0.8416523101738715,-12.685866,-18.754118,0,0,9064,7,6951,131,62,10.0,3,10.0,sett,1,#3e4989,#b5cf6b,,0.84,unpaved,0.16,0.6303420101060051,9123,10.0,0.4264656530007676,9123,,2.0,0
467170437851899,"foo,bar",/home/lhogeweg/annflux/data/streetsurfacevis/images/467170437851899.jpg,,467170437851899,467170437851899R,paving_stones,0.7350431589149004,8.797382,-7.455573,0,0,9091,7,1584,285,35,26.0,3,26.0,sett,1,#1fa287,#b5cf6b,,0.74,sett,0.26,0.8341345697474596,9123,26.0,0.4650547013088075,9123,,2.0,0
275606424466424,"foo,bar",/home/lhogeweg/annflux/data/streetsurfacevis/images/275606424466424.jpg,,275606424466424,275606424466424R,asphalt,1.0,-5.4218483,14.203648,0,1,9063,8,5895,129,63,7.0,4,7.0,asphalt,1,#453581,#393b79,,1.00,,,-0.0,9123,7.0,,9123,,2.0,0
637218121008999,"foo,bar",/home/lhogeweg/annflux/data/streetsurfacevis/images/637218121008999.jpg,,637218121008999,637218121008999R,paving_stones,1.0,-4.9857826,-12.953724,0,1,9097,6,2262,363,29,25.0,2,25.0,paving_stones,1,#1f9e89,#9c9ede,,1.00,,,-0.0,9123,25.0,0.7738019556936926,9123,,2.0,0
467576781209576,"foo,bar",/home/lhogeweg/annflux/data/streetsurfacevis/images/467576781209576.jpg,,467576781209576,467576781209576R,asphalt,0.6946743030820369,-6.9277496,18.101582,0,1,9096,6,265,354,30,21.0,3,21.0,asphalt,1,#23888e,#393b79,,0.69,concrete,0.31,0.8877038896583413,9123,21.0,,9123,,2.0,0
343842900417019,"foo,bar",/home/lhogeweg/annflux/data/streetsurfacevis/images/343842900417019.jpg,,343842900417019,343842900417019R,concrete,0.5860939223669203,-1.6832256,-0.8845444,0,0,9091,9,4392,286,35,23.0,2,23.0,asphalt,1,#20928c,#393b79,,0.59,asphalt,0.41,0.9785060608809861,9123,23.0,,9123,,2.0,0
1121844904893375,"foo,bar",/home/lhogeweg/annflux/data/streetsurfacevis/images/1121844904893375.jpg,,1121844904893375,1121844904893375R,asphalt,0.5004187808722171,-8.307595,17.425621,0,1,9031,4,4328,92,95,36.0,3,36.0,concrete,1,#7ad151,#e7ba52,,0.50,concrete,0.50,0.9999994939676756,9123,36.0,,9123,,2.0,0
131001805861297,"foo,bar",/home/lhogeweg/annflux/data/streetsurfacevis/images/131001805861297.jpg,,131001805861297,131001805861297R,unpaved,1.0,-16.168594,-9.651965,0,0,9077,4,10,173,49,45.0,2,45.0,unpaved,1,#fde725,#ad494a,,1.00,,,-0.0,9123,45.0,0.7910785846091379,9123,,2.0,0
150487457185765,"foo,bar",/home/lhogeweg/annflux/data/streetsurfacevis/images/150487457185765.jpg,,150487457185765,150487457185765R,concrete,0.6620277379777917,-7.5632944,-7.5385427,0,1,9082,9,2442,200,44,3.0,4,3.0,sett,1,#481a6c,#b5cf6b,,0.66,paving_stones,0.34,0.9228650688999618,9123,3.0,0.3608097946833959,9123,,2.0,0
147155400663559,"foo,bar",/home/lhogeweg/annflux/data/streetsurfacevis/images/147155400663559.jpg,,147155400663559,147155400663559R,sett,0.6302793537069695,4.249666,0.03834915,0,1,9089,9,7609,254,37,5.0,2,5.0,sett,1,#482878,#b5cf6b,,0.63,concrete,0.37,0.9504573559700445,9123,5.0,0.8337913927281675,9123,,1.63,0
1068388274103113,"foo,bar",/home/lhogeweg/annflux/data/streetsurfacevis/images/1068388274103113.jpg,,1068388274103113,1068388274103113R,paving_stones,0.5288179503184524,-3.926445,-0.96123123,0,0,9063,8,2858,128,63,30.0,3,30.0,asphalt,1,#35b779,#393b79,,0.53,"asphalt,concrete","0.30,0.17",1.4447926563607085,9123,30.0,0.4118329220621607,9123,,2.0,0
834741043859765,"foo,bar",/home/lhogeweg/annflux/data/streetsurfacevis/images/834741043859765.jpg,,834741043859765,834741043859765R,unpaved,0.8426263011059542,-16.549156,-4.373724,0,0,9068,8,8897,142,58,11.0,3,11.0,concrete,1,#3c508b,#e7ba52,,0.84,asphalt,0.16,0.6279894235359038,9123,11.0,0.4263118520360789,9123,,2.0,0
1788843801531638,"foo,bar",/home/lhogeweg/annflux/data/streetsurfacevis/images/1788843801531638.jpg,,1788843801531638,1788843801531638R,asphalt,1.0,3.2320023,-18.231926,0,1,9092,7,6995,297,34,34.0,3,34.0,asphalt,1,#60ca60,#393b79,,1.00,,,-0.0,9123,34.0,0.9352962861573484,9123,,2.0,0
464170654683156,"foo,bar",/home/lhogeweg/annflux/data/streetsurfacevis/images/464170654683156.jpg,,464170654683156,464170654683156R,paving_stones,1.0,6.908863,-6.9893627,0,0,9076,11,818,167,50,6.0,2,6.0,paving_stones,1,#472f7d,#9c9ede,,1.00,,,-0.0,9123,6.0,0.977036608450738,9123,,2.0,0
5462830377092634,"foo,bar",/home/lhogeweg/annflux/data/streetsurfacevis/images/5462830377092634.jpg,,5462830377092634,5462830377092634R,unpaved,1.0,-14.751228,-18.960375,0,1,9103,7,1596,511,23,35.0,3,35.0,unpaved,1,#6ece58,#ad494a,,1.00,,,-0.0,9123,35.0,0.9497630050905916,9123,,2.0,0
1532592657184357,"foo,bar",/home/lhogeweg/annflux/data/streetsurfacevis/images/1532592657184357.jpg,,1532592657184357,1532592657184357R,sett,1.0,11.056271,5.327076,0,0,9058,7,4216,119,68,0.0,3,0.0,asphalt,1,#440154,#393b79,,1.00,,,-0.0,9123,0.0,,9123,,2.0,0
745660956099553,"foo,bar",/home/lhogeweg/annflux/data/streetsurfacevis/images/745660956099553.jpg,,745660956099553,745660956099553R,concrete,1.0,-5.099511,-8.505203,0,0,9085,8,7935,214,41,43.0,2,43.0,paving_stones,1,#e2e418,#9c9ede,,1.00,,,-0.0,9123,43.0,,9123,,2.0,0
956168328603371,"foo,bar",/home/lhogeweg/annflux/data/streetsurfacevis/images/956168328603371.jpg,,956168328603371,956168328603371R,sett,0.32433002753170304,1.5518188,-11.548356,0,0,9024,4,2391,86,102,31.0,3,31.0,sett,1,#3fbc73,#b5cf6b,,0.32,"sett,concrete,asphalt,paving_stones","0.32,0.27,0.24,0.16",1.957799773147473,9123,31.0,0.7789090365522136,9123,,1.66,0
531534732512831,"foo,bar",/home/lhogeweg/annflux/data/streetsurfacevis/images/531534732512831.jpg,,531534732512831,531534732512831R,paving_stones,1.0,-1.923172,-13.166277,0,0,9096,6,6480,355,30,40.0,3,40.0,paving_stones,1,#b5de2b,#9c9ede,,1.00,,,-0.0,9123,40.0,0.8187874295393879,9123,,2.0,0
702398667449764,"foo,bar",/home/lhogeweg/annflux/data/streetsurfacevis/images/702398667449764.jpg,,702398667449764,702398667449764R,asphalt,0.5786373435959931,14.449959,3.7448654,0,1,9080,6,1098,189,46,4.0,3,4.0,asphalt,1,#482071,#393b79,,0.58,sett,0.42,0.982082937669077,9123,4.0,0.847711574139375,9123,,2.0,0
3007699956181786,"foo,bar",/home/lhogeweg/annflux/data/streetsurfacevis/images/3007699956181786.jpg,,3007699956181786,3007699956181786R,sett,0.45935677859930085,9.306791,-1.9945431,0,0,9087,8,107,226,39,27.0,2,27.0,unpaved,1,#22a884,#ad494a,,0.46,"sett,paving_stones,asphalt","0.46,0.27,0.27",1.5357788065275764,9123,27.0,0.5150221966814876,9123,,0.49,0
305501987739145,"foo,bar",/home/lhogeweg/annflux/data/streetsurfacevis/images/305501987739145.jpg,,305501987739145,305501987739145R,asphalt,1.0,-3.0211163,5.7375317,0,1,9090,11,2792,264,36,13.0,3,13.0,asphalt,1,#365c8d,#393b79,,1.00,,,-0.0,9123,13.0,0.7677364119775856,9123,,2.0,0
546631516709965,"foo,bar",/home/lhogeweg/annflux/data/streetsurfacevis/images/546631516709965.jpg,,546631516709965,546631516709965R,asphalt,1.0,-3.800064,4.199444,0,1,9094,10,3155,314,32,38.0,2,38.0,asphalt,1,#98d83e,#393b79,,1.00,,,-0.0,9123,38.0,0.7976241385193872,9123,,2.0,0
543390883419043,"foo,bar",/home/lhogeweg/annflux/data/streetsurfacevis/images/543390883419043.jpg,,543390883419043,543390883419043R,asphalt,1.0,0.3428669,-3.6635761,0,1,9073,9,2783,155,53,33.0,4,33.0,asphalt,1,#54c568,#393b79,,1.00,,,-0.0,9123,33.0,,9123,,2.0,0
301885758170674,"foo,bar",/home/lhogeweg/annflux/data/streetsurfacevis/images/301885758170674.jpg,,301885758170674,301885758170674R,paving_stones,0.822468871541156,5.0361996,-11.286833,0,1,9081,9,776,194,45,24.0,4,24.0,paving_stones,1,#1f988b,#9c9ede,,0.82,unpaved,0.18,0.6746461796504487,9123,24.0,0.8445451661474067,9123,,1.74,0
149580297072234,"foo,bar",/home/lhogeweg/annflux/data/streetsurfacevis/images/149580297072234.jpg,,149580297072234,149580297072234R,paving_stones,0.5654328528604204,8.982134,-9.199738,0,0,9124,14,3582,5928,2,19.0,1,46.0,sett,1,#277e8e,#b5cf6b,,0.57,sett,0.43,0.9876108179184614,9123,46.0,0.3556372975355462,9123,,0.8599999999999999,0
847230169544246,"foo,bar",/home/lhogeweg/annflux/data/streetsurfacevis/images/847230169544246.jpg,,847230169544246,847230169544246R,sett,1.0,11.842384,5.2020683,0,0,9123,10,3070,3808,3,0.0,1,46.0,asphalt,1,#440154,#393b79,,1.00,,,-0.0,9123,46.0,,9123,,2.0,0
1194515737687704,"foo,bar",/home/lhogeweg/annflux/data/streetsurfacevis/images/1194515737687704.jpg,,1194515737687704,1194515737687704R,paving_stones,1.0,-16.432468,-9.138264,0,0,9121,8,505,2662,5,45.0,2,46.0,unpaved,1,#fde725,#ad494a,,1.00,,,-0.0,9123,46.0,0.4369980078559357,9123,,2.0,0
1215894475497035,"foo,bar",/home/lhogeweg/annflux/data/streetsurfacevis/images/1215894475497035.jpg,,1215894475497035,1215894475497035R,asphalt,0.3857778966929535,-8.335528,9.736263,0,0,9123,18,1654,3809,3,1.0,1,46.0,asphalt,1,#46085c,#393b79,,0.39,"asphalt,sett,concrete","0.39,0.35,0.26",1.567085762717623,9123,46.0,0.4564971292424852,9123,,0.56,0
333486031548961,"foo,bar",/home/lhogeweg/annflux/data/streetsurfacevis/images/333486031548961.jpg,,333486031548961,333486031548961R,unpaved,1.0,-18.08316,-10.922504,0,0,9122,11,3703,3795,4,39.0,2,46.0,unpaved,1,#a5db36,#ad494a,,1.00,,,-0.0,9123,46.0,0.7830975481061009,9123,,2.0,0
319044949880787,"foo,bar",/home/lhogeweg/annflux/data/streetsurfacevis/images/319044949880787.jpg,,319044949880787,319044949880787R,paving_stones,1.0,3.3229237,-8.903643,0,0,9123,7,4922,3810,3,41.0,1,46.0,paving_stones,1,#c5e021,#9c9ede,,1.00,,,-0.0,9123,46.0,0.7751981262116551,9123,,2.0,0
602562638606442,"foo,bar",/home/lhogeweg/annflux/data/streetsurfacevis/images/602562638606442.jpg,,602562638606442,602562638606442R,asphalt,1.0,-4.901456,10.334045,0,0,9123,13,6432,3807,3,1.0,1,46.0,concrete,1,#46085c,#e7ba52,,1.00,,,-0.0,9123,46.0,,9123,,2.0,0
1937759983058606,"foo,bar",/home/lhogeweg/annflux/data/streetsurfacevis/images/1937759983058606.jpg,,1937759983058606,1937759983058606R,asphalt,0.45592969170463876,0.90366554,3.3980293,0,0,9120,14,854,2597,6,13.0,3,46.0,concrete,1,#365c8d,#e7ba52,,0.46,"asphalt,paving_stones,concrete","0.46,0.32,0.22",1.5246699289773016,9123,46.0,,9123,,2.0,0
200101301935982,"foo,bar",/home/lhogeweg/annflux/data/streetsurfacevis/images/200101301935982.jpg,,200101301935982,200101301935982R,unpaved,1.0,-14.852863,-16.904688,0,0,9126,13,3021,9110,0,10.0,0,46.0,unpaved,1,#3e4989,#ad494a,,1.00,,,-0.0,9123,46.0,,9123,,2.0,0
255662166601531,"foo,bar",/home/lhogeweg/annflux/data/streetsurfacevis/images/255662166601531.jpg,,255662166601531,255662166601531R,concrete,1.0,-10.119844,15.546383,0,0,9126,11,2138,9111,0,1.0,0,46.0,asphalt,1,#46085c,#393b79,,1.00,,,-0.0,9123,46.0,,9123,,2.0,0
267976546055646,"foo,bar",/home/lhogeweg/annflux/data/streetsurfacevis/images/267976546055646.jpg,,267976546055646,267976546055646R,asphalt,1.0,3.5677738,7.6352806,0,1,9109,11,3770,754,17,1.0,2,46.0,asphalt,1,#46085c,#393b79,,1.00,,,-0.0,9123,46.0,,9123,,2.0,0
909011990370596,"foo,bar",/home/lhogeweg/annflux/data/streetsurfacevis/images/909011990370596.jpg,,909011990370596,909011990370596R,concrete,1.0,-7.784502,18.832203,0,0,9124,12,1973,4563,2,36.0,1,46.0,concrete,1,#7ad151,#e7ba52,,1.00,,,-0.0,9123,46.0,,9123,,2.0,0
1137266490500670,"foo,bar",/home/lhogeweg/annflux/data/streetsurfacevis/images/1137266490500670.jpg,,1137266490500670,1137266490500670R,concrete,0.5870276690888184,6.022558,-3.3229218,0,0,9123,16,1590,4498,3,6.0,1,46.0,paving_stones,1,#472f7d,#9c9ede,,0.59,"unpaved,sett","0.23,0.18",1.3863521906005714,9123,46.0,0.4316985408055599,9123,,0.4399999999999999,0
3005343429688882,"foo,bar",/home/lhogeweg/annflux/data/streetsurfacevis/images/3005343429688882.jpg,,3005343429688882,3005343429688882R,sett,0.6716487945447844,17.767159,-6.1369467,0,0,9122,15,2594,3796,4,18.0,2,46.0,sett,1,#2a788e,#b5cf6b,,0.67,asphalt,0.33,0.9132329307058129,9123,46.0,0.9226287643855612,9123,,1.56,0
3533172793454709,"foo,bar",/home/lhogeweg/annflux/data/streetsurfacevis/images/3533172793454709.jpg,,3533172793454709,3533172793454709R,asphalt,0.5851202924339844,1.9792595,-4.6129208,0,0,9126,12,2768,5950,0,20.0,0,46.0,sett,1,#26828e,#b5cf6b,,0.59,sett,0.41,0.9789918379287896,9123,46.0,0.4788325347977278,9123,,2.0,0
570245091335511,"foo,bar",/home/lhogeweg/annflux/data/streetsurfacevis/images/570245091335511.jpg,,570245091335511,570245091335511R,concrete,0.5411153972404197,-9.625219,-6.6009827,0,0,9124,11,7911,4562,2,2.0,1,46.0,paving_stones,1,#471164,#9c9ede,,0.54,asphalt,0.46,0.9951168056408469,9123,46.0,,9123,,2.0,0
252289399983345,"foo,bar",/home/lhogeweg/annflux/data/streetsurfacevis/images/252289399983345.jpg,,252289399983345,252289399983345R,sett,0.41380698497740537,12.730675,3.140337,0,0,9115,8,6064,1213,11,2.0,2,46.0,asphalt,1,#471164,#393b79,,0.41,"sett,concrete,paving_stones,asphalt","0.41,0.26,0.24,0.09",1.831121001398511,9123,46.0,0.829955298453617,9123,,2.0,0
398535065407513,"foo,bar",/home/lhogeweg/annflux/data/streetsurfacevis/images/398535065407513.jpg,,398535065407513,398535065407513R,asphalt,1.0,-10.001889,-14.423827,0,0,9108,8,4326,698,18,29.0,1,46.0,unpaved,1,#2db27d,#ad494a,,1.00,,,-0.0,9123,46.0,0.5537900495136932,9123,,2.0,0
168253735190036,"foo,bar",/home/lhogeweg/annflux/data/streetsurfacevis/images/168253735190036.jpg,,168253735190036,168253735190036R,sett,1.0,19.214016,-5.401619,0,0,9126,9,6202,9109,0,18.0,0,46.0,sett,1,#2a788e,#b5cf6b,,1.00,,,-0.0,9123,46.0,0.888077993412019,9123,,2.0,0
643961249913495,"foo,bar",/home/lhogeweg/annflux/data/streetsurfacevis/images/643961249913495.jpg,,643961249913495,643961249913495R,concrete,1.0,-1.9659023,-2.8451862,0,0,9123,17,5809,3806,3,16.0,1,46.0,asphalt,1,#2e6e8e,#393b79,,1.00,,,-0.0,9123,46.0,,9123,,2.0,0
236695727891306,"foo,bar",/home/lhogeweg/annflux/data/streetsurfacevis/images/236695727891306.jpg,,236695727891306,236695727891306R,asphalt,0.43411188028365144,5.417511,-1.990799,0,0,9123,11,5048,4502,3,0.0,1,46.0,concrete,1,#440154,#e7ba52,,0.43,"asphalt,concrete,sett","0.43,0.29,0.28",1.5533004777355868,9123,46.0,0.4794792215436649,9123,,0.4499999999999999,0
1478865809568729,"foo,bar",/home/lhogeweg/annflux/data/streetsurfacevis/images/1478865809568729.jpg,,1478865809568729,1478865809568729R,asphalt,0.5826294091507668,5.4486046,-7.939886,0,0,9126,10,1566,9120,0,41.0,0,46.0,asphalt,1,#c5e021,#393b79,,0.58,concrete,0.42,0.9802089899825892,9123,46.0,0.8840950551432322,9123,,2.0,0
133311215708177,"foo,bar",/home/lhogeweg/annflux/data/streetsurfacevis/images/133311215708177.jpg,,133311215708177,133311215708177R,sett,1.0,12.464745,3.036604,0,0,9120,11,6973,2578,6,2.0,1,46.0,sett,1,#471164,#b5cf6b,,1.00,,,-0.0,9123,46.0,,9123,,2.0,0
768386147151725,"foo,bar",/home/lhogeweg/annflux/data/streetsurfacevis/images/768386147151725.jpg,,768386147151725,768386147151725R,paving_stones,0.5847042343320082,6.79204,-6.884012,0,0,9126,14,670,9115,0,6.0,0,46.0,paving_stones,1,#472f7d,#9c9ede,,0.58,asphalt,0.42,0.9791977051242866,9123,46.0,,9123,,2.0,0
755112841840632,"foo,bar",/home/lhogeweg/annflux/data/streetsurfacevis/images/755112841840632.jpg,,755112841840632,755112841840632R,sett,0.6698947742905386,8.53179,2.1109562,0,0,9124,8,4101,5936,2,17.0,1,46.0,sett,1,#2c728e,#b5cf6b,,0.67,asphalt,0.33,0.915033845246078,9123,46.0,,9123,,2.0,0
1565887244170672,"foo,bar",/home/lhogeweg/annflux/data/streetsurfacevis/images/1565887244170672.jpg,,1565887244170672,1565887244170672R,asphalt,1.0,-7.2000504,-1.1134319,0,0,9117,16,1868,1650,9,14.0,1,46.0,asphalt,1,#33628d,#393b79,,1.00,,,-0.0,9123,46.0,,9123,,2.0,0
2749111775401127,"foo,bar",/home/lhogeweg/annflux/data/streetsurfacevis/images/2749111775401127.jpg,,2749111775401127,2749111775401127R,paving_stones,0.5318219805350163,4.0168934,-7.7127943,0,0,9124,16,3439,5935,2,20.0,1,46.0,sett,1,#26828e,#b5cf6b,,0.53,concrete,0.47,0.9970761673478967,9123,46.0,0.4120102728910079,9123,,0.47,0
